,AgeClass,Mean_FeH,Std_FeH,Count
0,Young,0.014542662116040954,0.1646768662880787,1758
